<?xml version="1.0" encoding="euc-kr"?>
<beans xmlns="http://www.springframework.org/schema/beans"
	xmlns:xsi="http://www.w3.org/2001/XMLSchema-instance"
	xmlns:aop="http://www.springframework.org/schema/aop"
	xmlns:tx="http://www.springframework.org/schema/tx"
	xsi:schemaLocation="http://www.springframework.org/schema/beans http://www.springframework.org/schema/beans/spring-beans-2.5.xsd
           http://www.springframework.org/schema/aop http://www.springframework.org/schema/aop/spring-aop-2.5.xsd
           http://www.springframework.org/schema/tx http://www.springframework.org/schema/tx/spring-tx-2.5.xsd">

	<bean id="rowMapper" class="ch05.magazine.model.MagazineRowMapper" />
	
	<bean id="magazineDAO" class="ch05.magazine.model.MagazineDAOImpl">
		<property name="dataSource" ref="dataSource" />
		<property name="rowMapper" ref="rowMapper" />
	</bean>

	<bean id="magazineService" class="ch05.magazine.model.MagazineServiceImpl">
		<property name="magazineDAO" ref="magazineDAO" />
	</bean>

</beans>




















