<?xml version="1.0" encoding="EUC-KR"?>
<!DOCTYPE beans PUBLIC "-//SPRING//DTD BEAN//EN"
"http://www.springframework.org/dtd/spring-beans.dtd">
<beans>

	<bean id="diceTarget" class="ch03.aop.advice.Dice4" />
	
	<bean id="player" class="ch03.aop.advice.Player">
		<property name="dice">
			<ref bean="dice" />
		</property>
	</bean>
	
	<bean id="beforeAdvice" class="ch03.aop.advice.DiceBeforeAdvice" />
	<bean id="afterAdvice" class="ch03.aop.advice.DiceAfterAdvice" />

	<bean id="dice" class="org.springframework.aop.framework.ProxyFactoryBean">
		<property name="target">
			<ref bean="diceTarget" />
		</property>
		<property name="proxyInterfaces">
			<value>ch03.aop.advice.Dice</value>
		</property>
		<property name="interceptorNames">
			<list>
				<value>beforeAdvice</value>
				<value>afterAdvice</value>
			</list>
		</property>
	</bean>
	
	
</beans>


















