<?xml version="1.0"?>
<!DOCTYPE hibernate-mapping PUBLIC
        "-//Hibernate/Hibernate Mapping DTD 3.0//EN"
        "http://hibernate.sourceforge.net/hibernate-mapping-3.0.dtd">

<hibernate-mapping package="ch08.product">

	<class name="Product">
		<id name="productId" type="string">
			<generator class="native"></generator>
		</id>
		<property name="productName" not-null="true" length="20" />
		<property name="description" not-null="true" length="200" />	
	</class>

</hibernate-mapping>









