<?xml version="1.0" encoding="UTF-8" ?>
<!DOCTYPE sqlMap PUBLIC "-//ibatis.apache.org//DTD SQL Map 2.0//EN"
	"http://ibatis.apache.org/dtd/sql-map-2.dtd">

<sqlMap namespace="Basic">

	<typeAlias alias="member" type="ch10.basic.Member" />
	
	<parameterMap id="memberParameterMap" class="member">
		<parameter property="name" jdbcType="VARCHAR" />
		<parameter property="deptNo" jdbcType="NUMBER" />
		<parameter property="addr" jdbcType="VARCHAR" />
	</parameterMap>
	
	<resultMap id="memberResultMap" class="member">
		<result property="id" column="id" />
		<result property="name" column="name" />
		<result property="deptNo" column="dept_no" />
		<result property="addr" column="addr" />
	</resultMap>

	<select id="getMemberList" resultClass="hashmap">
		select * from member order by id desc
	</select>
	
	<insert id="insertMember">
		insert into MEMBER(id, name, dept_no, addr)
			values(member_id_seq.nextval, #name#, #deptNo#, #addr#)
	</insert>
	
	<insert id="insertMemberByMap" parameterMap="memberParameterMap">
		insert into MEMBER(id, name, dept_no, addr)
			values(member_id_seq.nextval, ?, ?, ?)
	</insert>
	
	<select id="getMemberListResultMap" 
			parameterClass="int" 
			resultMap="memberResultMap">
		select id, name, dept_no, addr from member where id=$id$
	</select>
	
	<select id="getMemberListArray"
			parameterClass="hashmap"
			resultMap="memberResultMap">
		select * from member
		<dynamic prepend="where addr in">
			<iterate property="addrs" open="(" close=")" conjunction=", ">
				#addrs[]#
			</iterate>
		</dynamic>
	</select>

</sqlMap>



















