<?xml version="1.0" encoding="UTF-8" ?>
<!DOCTYPE sqlMapConfig PUBLIC "-//iBATIS.apache.org//DTD SQL Map config 2.0//EN"
	"http://iBATIS.apache.org/dtd/sql-map-config-2.dtd">

<sqlMapConfig>
	<properties resource="jdbc.properties" />
	<settings 
		useStatementNamespaces="true"
		maxRequests="32"
		maxSessions="10"
		maxTransactions="5"/>
	<transactionManager type="JDBC" commitRequired="true">
		<dataSource type="SIMPLE">
			<property name="JDBC.Driver" value="${jdbc.driverClassName}" />
			<property name="JDBC.ConnectionURL" value="${jdbc.url}" />
			<property name="JDBC.Username" value="${jdbc.username}" />
			<property name="JDBC.Password" value="${jdbc.password}" />
		</dataSource>		
	</transactionManager>
	<sqlMap resource="ch10/first/sql-map-member.xml" />
	<sqlMap resource="ch10/basic/sql-map-member.xml" />
</sqlMapConfig>













